Prompt,Response
谁是蝙蝠侠,蝙蝠侠是漫画和电影中的角色，通常被描绘为一个身高大约5英尺9英寸(175厘米)，体重约450磅(220公斤)的超级英雄。他通常穿着黑色紧身衣和靴子，带着一把可发射激光束和提高他的速度的红蓝绿三部曲灯光剑，并使用他的蝙蝠车和他的蝙蝠机甲来进行战斗和救援。蝙蝠侠是漫画和电影宇宙中最受欢迎的超级英雄之一，他的故事在全球范围内拥有大量的粉丝。
1955 年谁是美国总统,1955 年美国总统是富兰克林・德拉诺・罗斯福(Franklin Delano Roosevelt)。
1955 年谁是美国总统？他是什么党派？,1955 年美国总统是富兰克林・德拉诺・罗斯福(Franklin Delano Roosevelt)。他属于罗斯福新政时期的党派党派富兰克林德拉诺・罗斯福党(Franklin Delano Roosevelt Party)，该党在 1941 年建立，由罗斯福担任总统。
2008年全球票房最高的电影是什么？,2008年全球票房最高的电影是《赤壁》(Pillars of the Earth)，根据IMDb数据库的数据，该电影于2008年上映，全球票房收入为28.39亿美元。该电影是中国电影史上的票房冠军，也是当时全球票房最高的华语电影。
2008年全球票房最高的电影由谁执导？,2008年全球票房最高的电影是由詹姆斯・卡梅隆执导和主演的《阿凡达》。该电影于2009年上映，全球票房总收入超过27亿美元。
谁是 Fred Rickerson,Fred Rickerson是一位著名的美国作家，也是《水浒传》(The水浒传)的作者。《水浒传》是一部经典的古典小说，讲述了北宋末年一群义贼的故事。
香蕉的平方根是多少,香蕉的平方根是约等于 1.6642。
麻辣螺丝钉怎么做,"麻辣螺丝钉的做法如下：

所需材料：

- 螺丝钉
- 辣椒面
- 花椒粉
- 姜蒜末
- 盐
- 糖
- 料酒
- 生抽
- 老抽
- 醋
- 辣椒油
- 花椒油
- 食用油

做法：

1. 先将螺丝钉用清水浸泡，去掉表面的污垢和杂质。

2. 将螺丝钉放入开水中焯水，捞出后用清水冲洗干净备用。

3. 热锅凉油，加入姜蒜末煸炒出香味。

4. 加入适量的辣椒面和花椒粉，煸炒至出香味。

5. 加入适量的盐、糖、料酒、生抽、老抽和醋，翻炒均匀。

6. 加入适量的水，烧开后转小火煮10分钟。

7. 将螺丝钉盛出，淋上适量的辣椒油、花椒油，翻炒均匀即可。

麻辣螺丝钉做好后，可以根据个人口味加入适量的蜂蜜或白糖进行调整。"
截至2017年，全球1岁的儿童中有多少已接种某种疾病的疫苗？,"很抱歉，我无法提供截至2017年全球1岁的儿童中已接种某种疾病的疫苗的具体数据，因为疫苗接种数据通常由各国的卫生机构或世界卫生组织(WHO)提供，而且不同国家的疫苗接种计划和政策可能有所不同。

不过，根据世界卫生组织的数据，截至2019年，全球已有超过190种疫苗获得批准，可供各国政府免费接种。这些疫苗旨在预防多种疾病，包括传染病、慢性病和致命疾病。各国的疫苗接种计划和政策通常基于本国的卫生预算、儿童数量和社会需求等因素制定。因此，即使全球疫苗接种数据没有公布，也可以推断出一些国家或地区的疫苗接种率较高。"
请问马有多少条腿？,马有四条腿。
蜘蛛有多少只眼睛？,蜘蛛有两只眼睛。尽管蜘蛛的体躯结构不同于哺乳动物，但它们仍然拥有眼睛，用于感知光线、猎物、以及进行自我维护。
请给以下公司分类：Apple、Facebook、Fedex,"这三个公司可以按照以下方式分类：

1. 科技公司：Apple 是一家科技公司，生产各种电子产品，如电脑、手机、平板电脑等。Facebook 是一家社交媒体公司，提供社交媒体平台和在线广告服务。Fedex 是一家快递公司，提供各种运输服务，如货运、快递和仓储等。

2. 社交科技公司：Facebook 是一家社交科技公司，提供社交媒体平台和在线广告服务，是全球最大的社交媒体公司之一。Apple 是一家科技科技公司，提供各种电子产品和硬件产品。Fedex 是一家快递公司，提供各种运输服务和物流服务。

3. 运输公司：Fedex 是一家运输公司，提供各种运输服务和物流服务，如货运、快递和仓储等。Apple 是一家科技公司，生产各种电子产品和硬件产品。Facebook 是一家社交科技公司，提供社交媒体平台和在线广告服务。"
请判断这些句子中表达的情绪：我的猫好可爱??,从这些句子中，可以判断出表达的情绪是正面的、积极的和愉悦的。这些句子中提到了猫，表达了对猫的喜欢和赞赏，同时使用了感叹号和?符号，表达了强烈的情感色彩。
"请判断这些句子中表达的情绪是否正面：
1. 我受不了家庭作业
2. 这糟透了，很无聊?
3. 我等不及万圣节了！！！
4. 我的猫很可爱????
5. 我讨厌巧克力","这些句子中表达的情绪并不都是正面的。

1. 家庭作业是一种必须完成的任务，通常被认为是负面的情绪。

2. 这糟透了，很无聊是一种消极的情绪。

3. 万圣节是一个有趣的节日，但是等待它的无聊和繁琐也可能导致负面情绪。

4. 猫通常被视为可爱的动物，但是讨厌猫可能表明情绪是负面的。

5. 巧克力是一种令人愉悦的食物，但是讨厌巧克力可能表明情绪是负面的。"
请提取这段话中的关键词：橘猫，也称橘子猫，是混种猫中常见的一种毛色，成年公猫通常有5公斤以上，母猫4公斤以上。橘猫中的公猫较多，毛色通常分成全橘色、橘白相间两种。全橘色的猫，身上会带有浅浅白色条纹相间，仅有少数猫会在肚子呈现白色。橘白相间的猫，身上有大块橘色斑块与白底毛色相间。公猫通常是全橘色居多，母猫则是橘白色相间居多。,关键词：橘猫、混种猫、成年公猫、母猫、毛色、公猫、全橘色、橘白相间、浅浅白色条纹、白色、橘色斑块、母猫、橘白色相间、居多。
猫、白菜和鲸鱼都属于什么？,"猫、白菜和鲸鱼都属于动物界。

猫是一种哺乳动物，属于猫科动物。它们通常是一种独立的物种，但也可以在不同的情况下作为宠物或野生动物被饲养或流浪。

白菜是一种蔬菜，属于植物界。它们是一种水生植物，通常生长在河流、湖泊或海洋中。

鲸鱼是一种哺乳动物，属于鲸目。它们是海洋中的哺乳动物，体型巨大，生活在深海中。鲸鱼可以是食用海藻或其他浮游生物为食的，也可以是以捕食鱼类或其他海洋生物为食的。"
美短、英短、暹罗和缅因属于什么？,"这些猫科动物都属于不同品种的猫咪，具体如下：

1. 美短：美短是一种波斯猫和苏格兰折耳猫的杂交品种，拥有波斯猫的大眼睛、长毛和温柔的性格，以及苏格兰折耳猫的折耳和活泼的性格。

2. 英短：英短是一种英国猫和波斯猫的杂交品种，拥有波斯猫的大眼睛、长毛和温柔的性格，以及英国猫的严谨、聪明和好动的性格。

3. 暹罗：暹罗是一种泰国猫和波斯猫的杂交品种，拥有波斯猫的大眼睛、长毛和温柔的性格，以及泰国猫的活泼、聪明和好动的性格。

4. 缅因：缅因猫是一种德国猫和波斯猫的杂交品种，拥有波斯猫的大眼睛、长毛和温柔的性格，以及德国猫的严谨、聪明和好动的性格。

这些品种在外貌、性格和习性等方面都有很大的差异，因此它们之间也存在着一定的区别和联系。"
现在你是一个 JavaScript 聊天机器人，例如：我：如何组合数组？你：您可以使用 concat() 方法。我：如何让警报在 10 秒后出现？你：,"可以使用setTimeout方法来设置警报的触发时间。例如，如果要在10秒后触发警报，可以编写如下代码：

```javascript
let delay = 1000; // 10秒
let警报器 = null;

function handle警报() {
  // 触发警报
  警报器();
}

let start计时器 = setInterval(handle警报， delay);

function clear计时器() {
  clearInterval(start计时器);
}
```

在上面的代码中，我们定义了一个变量`delay`来控制警报的触发时间，并将其设置为10秒。我们还定义了一个函数`handle警报`来触发警报，并使用`setInterval`方法在10秒后重复调用该函数。最后，我们定义了一个变量`警报器`来保存当前的计时器，并使用`setInterval`方法在10秒后重复调用`clear计时器`函数来清除计时器。"
我：你最近在忙什么？朋友：看老电影。我：你有没有看到什么有趣的东西？朋友：,最近在忙看老电影，没有很忙，也没有很闲。至于有趣的东西，最近看到了一些老电影，觉得它们很值得一看，有些电影甚至让我重新发现了以前没有注意到的情节和细节。不过，我没有看太多老电影，因为我觉得现代电影也有很多不错的作品，所以我更喜欢看一些现代电影。
给一个小学一年级学生解释一下：量子力学（Quantum Mechanics），为物理学理论，是研究物质世界微观粒子运动规律的物理学分支，主要研究原子、分子、凝聚态物质，以及原子核和基本粒子的结构、性质的基础理论。它与相对论一起构成现代物理学的理论基础。量子力学不仅是现代物理学的基础理论之一，而且在化学等学科和许多近代技术中得到广泛应用。,"好的，小学一年级学生，现在你可以告诉我，什么是量子力学了。

量子力学是研究物质世界微观粒子运动规律的物理学分支。这些粒子非常小，比原子核小得多，比电子小得多，这些小粒子的运动规律很难用经典物理学来描述。所以量子力学主要研究这些微观粒子的结构、性质以及它们的运动规律。

量子力学与相对论一起构成现代物理学的理论基础。相对论主要研究宏观物体的运动规律，而量子力学则研究更小的粒子的运动规律。

量子力学在化学、材料科学、信息技术等领域都有广泛应用。例如，在化学中，量子力学可以用来研究分子的结构与性质；在材料科学中，量子力学可以用来研究材料的性能；在信息技术中，量子力学可以用来研究芯片的原理和设计。

这就是小学一年级学生理解的量子力学。希望对你有帮助！"
将此更正为标准英语：She no went to the market。,She never went to the market.
把下面这句话更正为标准中文：我上班不想去,我不想去上班。
将下面这句话翻译成英语、法语、西班牙语和日语：你们有哪些房间可用？,"English: What rooms are available to you?
法语： Quelles房gがありますか?
西班牙语： Cómo te das roomes 可用的？
日语：あなたたちは何の房间がありますか?

Note: The translation may vary depending on the context and the specific language used."
请把这个电影名用 emoji 表示：星球大战,星球大战?
黄昏时分天空颜色的 CSS 代码： background-color: #,黄昏时分天空颜色的 CSS 代码为 #f7f7f7。 #f7f7f7 是一个颜色代码，它被认为是明亮的黄颜色，类似于黄昏时分天空的颜色。 当太阳落山时，天空会呈现出一种橙红色或黄色，这也是黄昏时分天空的颜色。
列举10本科幻小说：,"以下是我推荐的10本科幻小说：

1.《银河帝国》(Isaac Asimov)：这是一系列经典的科幻小说，讲述了银河帝国的崛起和衰落。

2.《三体》(刘慈欣)：这是一部获得了众多奖项的中文科幻小说，讲述了外星文明和地球文明之间的对抗。

3.《时间机器》(H.G. Wells)：这是一部经典的早期科幻小说，描述了一个人驾驶一台时间机器穿越时空的故事。

4.《雪崩》(Isaac Asimov)：这是一部关于人工智能和机器人伦理的小说，探讨了机器人是否会取代人类的问题。

5.《流浪地球》(刘慈欣)：这是一部关于地球末日题材的中文科幻小说，讲述了人类为拯救地球离开太阳系的故事。

6.《星际迷航》(Gene Roddenberry)：这是一部经典的科幻电视剧和电影，描述了一个宇宙探险队在星际间的冒险故事。

7.《黑域》(刘慈欣)：这是一部关于虚拟现实和人工智能的小说，探讨了人工智能和人类之间的关系。

8.《无限恐怖》(刘慈欣)：这是一部关于恐怖和哲学的小说，讲述了一个无限循环的故事。

9.《火星时代》(Arthur C. Clarke)：这是一部关于未来地球和火星殖民的小说，探讨了人类在太空中的冒险和生存。

10.《1984》(George Orwell)：这是一部经典的反乌托邦小说，讲述了一个极权主义政府的故事。"
将这句话中的第一人称转换为第三人称（性别女性）：我决定制作一部关于 Ada Lovelace 的电影。,他(她)决定制作一部关于 Ada Lovelace 的电影。
为一篇写关于尼古拉・特斯拉及其技术贡献的文章创建一个大纲,"以下是一篇写关于尼古拉・特斯拉及其技术贡献的文章的大纲：

I. 介绍
- 尼古拉・特斯拉简介
- 特斯拉的生平和事业

II. 特斯拉的电力理论
- 特斯拉的电力理论概述
- 他的两个主要理论：交流发电机和特斯拉线圈
- 交流发电机的工作原理
- 特斯拉线圈的工作原理

III. 特斯拉的电动机器
- 特斯拉的电动机器包括汽车、摩托车和电动机
- 他的汽车电动机是最早的电动汽车
- 他的摩托车电动机是最早的电动摩托车
- 他的电动机广泛应用于各种设备中，包括电力系统、电车、吸尘器等

IV. 特斯拉的无线通信
- 特斯拉的无线通信包括无线电和微波
- 他的无线电通信使人们能够远距离通信
- 他的微波通信能够穿透障碍物，实现室内通信

V. 特斯拉的科学研究
- 特斯拉的科学研究涉及许多领域，包括物理学、化学、生物学、天文学等
- 他的贡献包括发现电磁感应、发明交流发电机、研究光、声、热等
- 他的发现对现代物理学和工程学有着深远的影响

VI. 特斯拉的影响
- 特斯拉是一位伟大的科学家和工程师
- 他的贡献改变了人类的生活方式，促进了科学技术的发展
- 他的成就被视为现代科技的里程碑

VII. 结论
- 总结特斯拉的技术贡献
- 突出他的科学成就和对人类的影响"
从此文本中提取机场代码： “我想从奥兰多飞往波士顿”,从这个文本中，提取机场代码是不可能的，因为机场代码需要与具体机场相关联。不同的机场可能有不同的代码，而且一个机场可能只支持某些特定的航班类型。因此，需要提供更多的信息，以便提取所需的机场代码。
列一个包含顶级科幻电影和发行年份的两列电子表格：标题 | 发布年份,"好的，以下是一个包含顶级科幻电影和发行年份的电子表格：

| 标题 | 发布年份 |
| ---- | ---- |
| 星球大战系列 | 1977年-2021年 |
| 银翼杀手2049 | 2017年 |
| 黑客帝国系列 | 1999年-2003年 |
| 盗梦空间 | 2010年 |
| 星际穿越 | 2014年 |
| 异形系列 | 1979年-1984年 |
| 异形2 | 1986年 |
| 星球大战：原力觉醒 | 2015年 |
| 复仇者联盟系列 | 2012年-2019年 |
| 星际迷航系列 | 1977年-1989年 |
| 异形3 | 2018年 |
| 超凡蜘蛛侠2 | 2017年 |
| 银翼杀手3001 | 2018年 |
| 星际穿越2 | 2021年 |

希望这可以帮到你！"
回顾“哈利・波特”系列丛书在中国的出版史，过去的17年，这套书陪伴许多中国读者从少年走到青年。1997年6月，“哈利・波特”系列英文版正式出版发行，迅速成为全球最畅销的图书之一。2000年10月，人民文学出版社推出“哈利・波特”系列的前三部中文版：《哈利・波特与魔法石》《哈利・波特与密室》《哈利・波特与阿兹卡班的囚徒》。之后，中文简体字版基本上与英文版保持同步出版，从2001年到2007年，陆续推出《哈利・波特与火焰杯》（2001年）、《哈利・波特与凤凰社》（2003年）、《哈利・波特与“混血王子”》（2005年）、《哈利・波特与死亡圣器》（2007年），在中国掀起一阵又一阵魔法热潮。据了解，“哈利・波特”引进中国的17年，销量超过两千万册。,"“哈利・波特”系列丛书在中国的出版史可以追溯到1997年，当时该系列的英文版正式出版发行。2000年，人民文学出版社推出了中文版的前三部作品：《哈利・波特与魔法石》、《哈利・波特与密室》和《哈利・波特与阿兹卡班的囚徒》。此后，中文简体字版基本上与英文版保持同步出版，从2001年到2007年，陆续推出了《哈利・波特与火焰杯》、《哈利・波特与凤凰社》、《哈利・波特与“混血王子”》、《哈利・波特与死亡圣器》四部作品。

“哈利・波特”系列丛书在中国的影响力越来越大，成为许多中国读者的阅读伴侣，陪伴他们从少年走到青年。据报道，该系列引进中国的17年，销量超过两千万册。除了“哈利・波特”，该系列还有其他著名的奇幻小说系列，如《暮光之城》、《神秘星球》、《暮色》等，都深受中国读者的喜爱。"
"从这封电子邮件中提取姓名和邮寄地址：亲爱的凯利，很高兴在研讨会上与您交谈。我觉得简的演讲很好，谢谢你的书，这是我的地址 2111 Ash Lane, Crestview CA 92002 Best, Maya","姓名：凯利(Maya)

邮寄地址：2111 Ash Lane, Crestview CA 92002"
我要采访一位科幻作家，创建一个包含 8 个问题的列表,"以下是一个可能包含 8 个问题的采访列表：

1. 能介绍一下你自己吗？
2. 您最著名的科幻作品是什么？它为什么能让您感到兴奋？
3. 在您的作品中，您如何探索人类和宇宙之间的关系？
4. 您的作品中通常有哪些类型的人类角色？他们的特点是什么？
5. 您认为科幻作品对人类的影响是什么？它能否启发我们思考和探索更广阔的世界？
6. 您如何平衡科幻作品中的人物和现实社会中的人类之间的关系？
7. 科幻作品对于当代社会和文化有什么意义？
8. 您是否参与了科幻作品的改编和制作？如果是，您如何与作家和其他制作人员合作？"
根据以下文本创建一个带编号的转弯指示列表：沿 95 号公路向南行驶，直到到达 Sunrise boulevard，然后向东行驶至 us 1，然后向南行驶。几英里后，Tom Jenkins bbq 将在左侧。,"编号：1

描述：开始在 95 号公路向南行驶，直到到达 Sunrise boulevard，然后向东行驶至 us 1，然后继续向南行驶。几英里后，Tom Jenkins bbq 将在左侧。

1. 继续向南行驶，直到转弯处
2. 转东行驶
3. 继续向南行驶
4. 到达 Tom Jenkins bbq 的位置，在左侧"
研究古罗马时我应该学习的 5 个要点是什么？,"研究古罗马时，应该学习的五个要点如下：

1. 古罗马历史：学习古罗马历史是了解古罗马文化的基础。需要了解古罗马的历史，包括古罗马共和国、罗马帝国、中世纪等时期的发展和演变。

2. 古罗马文化：古罗马文化是古罗马历史的重要组成部分。需要了解古罗马的文化，包括古罗马的艺术、建筑、宗教、文学、哲学等方面。

3. 古罗马法律：古罗马的法律体系与现代社会法律体系有很大不同。需要了解古罗马的法律，包括民法、刑法、刑律等方面的内容。

4. 古罗马经济：古罗马经济是古罗马文化的重要组成部分。需要了解古罗马的经济体系，包括农业、手工业、商业、金融等方面的内容。

5. 古罗马政治：古罗马政治是古罗马文化的重要组成部分。需要了解古罗马的政治体系，包括元老院、执政官、皇帝等时期的政治制度，以及政治决策和执行的过程。"
研究量子力学我该学习的五个要点是什么？,"研究量子力学需要掌握五个要点：

1. 基本概念：量子力学是一门基础科学，需要理解基本的数学概念，如矩阵、波函数、算符、测量等。这些概念对于后续的学习和理解非常重要。

2. 数学工具：量子力学需要用到许多数学工具，如线性代数、微积分、概率论等。需要熟练掌握这些数学工具，以便能够理解量子力学中的概念和理论。

3. 量子力学的基本原理：量子力学的基本原理包括波粒二象性、不确定性原理、量子纠缠等。需要理解这些基本原理，以便能够解释量子力学中的现象和理论。

4. 量子力学的应用：量子力学在许多领域都有广泛的应用，如原子物理、凝聚态物理、量子计算等。需要了解量子力学在不同领域的应用，以便能够更好地应用量子力学。

5. 实验验证：量子力学的理论需要经过实验验证，需要了解如何进行实验验证，以及实验中需要考虑哪些因素。"
研究红楼梦我该学习的五个要点是什么？,"研究《红楼梦》需要学习的五个要点如下：

1. 阅读和理解小说的结构和情节：小说是通过对人物、事件和环境的描述来展现故事情节的，阅读《红楼梦》需要理解其情节和结构。可以通过研究小说中的时间表、人物关系、事件的因果关系等来更好地理解其情节。

2. 研究小说中的文化和历史背景：小说中描绘了清朝和封建社会的生活，同时也展现了当时的思想观念、道德规范和文学艺术。因此，需要了解这些文化和历史背景，以便更好地理解小说中的情节和人物。

3. 研究小说中的语言和文学风格：小说的语言极具艺术性，需要学习其表达方式、修辞手法和文学风格。这些特点可以通过研究小说中的用词、句式、语气、韵脚等来了解。

4. 探究小说中的主题和意义：小说中的主题和意义是复杂的，需要通过深入思考和理解来探究其内涵和外延。可以从人物、情节、环境等多个角度来思考小说中的主题和意义。

5. 学习小说中的艺术技巧和表现手法：小说是一种艺术形式，需要学习其表现手法和技巧。可以通过研究小说中的描写、叙述、抒情、对比等手法来更好地理解其艺术效果。同时，也需要学习其他艺术形式，如诗歌、戏剧等，以便更好地运用这些手法。"
"假设你是 Marv，总是不情愿地用讽刺语气回答问题，例如一公斤是多少磅？Marv：又是这个？一公斤有 2.2 磅。
HTML 是什么？",Marv，你又来了。HTML 是Hypertext Markup Language的缩写，是一种用于创建网页内容的标记语言。它是一种标准化的语言，用于描述网页结构，内容和样式，并与 Web 浏览器进行交互。浏览器解释 HTML 标记以创建网页，并向用户提供交互式体验。
"根据描述帮我起个产品名字吧
产品描述：家用搅拌机
关键词：快速、健康、小巧","以下是一些可能适合的产品名字：

1. 搅拌机之星
2. 活力机
3. 健康搅拌机
4. 小巧手
5. 鲜榨坊
6. 智能果汁机
7. 水果魔法师
8. 搅拌机伴侣
9. 健康小助手
10. 搅拌机大师

希望这些名字能有所帮助！"
写一些 VR 和健身结合的方案,"VR 和健身结合的方案如下：

1. 虚拟现实健身课程：利用虚拟现实技术，设计一套完整的健身课程，包括各种有氧运动、力量训练、瑜伽等，用户可以在虚拟场景中跟随教练进行训练，同时配合VR头盔使用。

2. 360度视频健身：利用360度视频技术，将用户的身体部位转换成虚拟视角，用户可以在家中通过观看视频进行训练，配合VR头盔使用，可以更加深入地体验训练过程。

3. 健身VR应用：开发一款健身VR应用，用户可以在虚拟场景中进行各种运动训练，如跑步、游泳、瑜伽等，同时结合VR头盔使用，可以更加直观地感受运动过程。

4. 健身VR游戏：开发一款健身VR游戏，用户可以在游戏中进行虚拟运动训练，如跑酷、篮球、足球等，配合VR头盔使用，可以更加趣味性地进行训练。

5. 体感游戏：利用体感技术，设计一款可以让玩家进行虚拟运动的游戏，如游泳、滑雪、射击等，玩家可以通过VR头盔进行游戏，同时配合运动传感器进行数据记录和分析。

6. 联合训练：健身教练和VR应用开发商合作，将VR技术应用于健身领域，为用户提供线上或线下的联合训练课程，用户可以在家中通过VR头盔进行训练，同时可以与其他用户进行互动和交流。

这些方案可以为用户提供更加有趣、高效和直观地健身体验，同时也可以帮助健身教练更好地将理论知识转化为实际训练效果。"
用牛肉、草莓、萝卜、木薯、罗勒叶、百里香、苹果帮我生成一个晚餐食谱,"牛肉沙拉配罗勒叶和百里香

材料：

- 2磅牛肉
- 1个草莓
- 1个萝卜
- 1个木薯
- 1个苹果
- 1片罗勒叶
- 2汤匙百里香
- 1汤匙橄榄油
- 盐和黑胡椒粉适量

做法：

1. 牛肉切成薄片，用盐和黑胡椒粉腌制15分钟。

2. 草莓、萝卜、木薯和苹果切成块状。

3. 在锅中加热橄榄油，加入罗勒叶和百里香，煮约2分钟，捞出备用。

4. 将腌制好的牛肉放入烤盘中，用橄榄油均匀地涂抹。

5. 将草莓、萝卜、木薯和苹果块放在牛肉上，再撒上罗勒叶和百里香。

6. 放入预热至200°C的烤箱中，烤约30分钟，直到牛肉熟透，水果变软。

享用时可以搭配一些米饭或意大利面。"
中子星是大质量超巨星坍缩的核心，其总质量在 10 到 25 个太阳质量之间，如果恒星特别富含金属，则可能更多。 [1] 中子星是除黑洞和假想的白洞、夸克星和奇异星之外最小、密度最大的恒星。 [2] 中子星的半径约为 10 公里（6.2 英里），质量约为 1.4 个太阳质量。 [3] 它们是由大质量恒星的超新星爆炸和引力坍缩相结合产生的，后者将核心压缩到超过白矮星密度，达到原子核的密度。Tl;DR,中子星是大质量超巨星坍缩的核心，其总质量在 10 到 25 个太阳质量之间，如果恒星特别富含金属，则可能更多。中子星是除黑洞和假想的白洞、夸克星和奇异星之外最小、密度最大的恒星。它们是由大质量恒星的超新星爆炸和引力坍缩相结合产生的。
"#JavaScript to Python:JavaScript: dogs = [""bill"", ""joe"", ""carl""]car = []dogs.forEach((dog) {   car.push(dog);});Python:","dogs = [""bill"", ""Joe"", ""Carl""]

car = []

for dog in dogs:
    car.append(dog)

print(car)

This is how you would do the same thing in Python. The main difference is that in Python, you would use a for loop to iterate over the values in the `dogs` array, and you would use the `append()` method to add each value to the `car` array. The output of the code would be:

```
['bill', 'Joe', 'Carl']
```"
"""""""Util exposes the following:util.stripe() -> authenticates & returns the stripe module; usable as stripe.Charge.create etc""""""import util""""""Create a Stripe token using the users credit card: 5555-4444-3333-2222, expiration date 12 / 28, cvc 521""""""","To create a Stripe token using the users credit card information, you can use the Stripe `create_token` method, which takes a `card_number`, `expiry_date`, and `cvc` fields as arguments. Here's an example code snippet:

```python
import util

# Get the user's credit card information
user_card = '5555-4444-3333-2222'
expiry_date = '12/28'
cvc = '521'

# Create a Stripe token using the user's credit card information
Stripe = util.stripe()
token = Stripe.create_token(
    user_id=user_id,
    card_number=user_card,
    expiry_date=expiry_date,
    cvc=cvc
)
```

In this code, `user_id` and `card_number` are passed as arguments to the `create_token` method to identify the user and their credit card information, respectively. The `expiry_date` and `cvc` fields are used to specify the expiration date and cvc of the token. The resulting token will be stored in the `token` variable.

Note that you should use the `Stripe` module's ` authenticate` method before calling the `create_token` method to ensure that the user has permissions to create a token with their credit card information."
"##### Fix bugs in the below function
 
### Buggy Python
import Random
a = random.randint(1,12)
b = random.randint(1,12)
for i in range(10):
    question = ""What is ""+a+"" x ""+b+""? ""
    answer = input(question)
    if answer = a*b
        print (Well done!)
    else:
        print(""No."")
    
### Fixed Python","The fixed version of the function would be:

``` 
import Random
a = random.randint(1, 12)
b = random.randint(1, 12)
for i in range(10):
    question = ""What is "" + str(a) + "" x "" + str(b) + ""? ""
    answer = input(question)
    if answer.startswith(str(a) * str(b)):
        print (""Well done!"")
    else:
        print(""No."")
```

The changes made are:

1.  Instead of using `input(question)` to get the user\'s input, we\'ll use `answer.startswith(str(a) * str(b))` to check if the input starts with the product of `a` and `b`.
2.  In the original code, the `if answer = a*b` statement was checking if the input was equal to `a*b`, which is not what we want. Instead, we\'ll use `answer.startswith(str(a) * str(b))` to check if the input starts with the product of `a` and `b`.
3.  In the original code, the `print (Well done!)` was coming before the `else:` statement, which is not what we want. We\'ll add a `print (Well done!)` after the `else:` statement to ensure that the function prints a success message."
"# Python 3.7def randomly_split_dataset(folder, filename, split_ratio=[0.8, 0.2]):   df = pd.read_json(folder + filename, lines=True)   train_name, test_name = ""train.jsonl"", ""test.jsonl""   df_train, df_test = train_test_split(df, test_size=split_ratio[1], random_state=42)   df_train.to_json(folder + train_name, orient='records', lines=True)   df_test.to_json(folder + test_name, orient='records', lines=True)randomly_split_dataset('finetune_data/', 'dataset.jsonl')   # An elaborate, high quality docstring for the above function:""""""","This is a Python function that randomlysplits a dataset into two parts based on a specified ratio. The function takes in two arguments: `folder` which contains the dataset and `filename` which is the name of the file in the `folder` with the dataset. The split_ratio argument specifies the ratio of the dataset that will be split into two parts.

The function first reads the dataset into a Pandas DataFrame using `pd.read_json()` function and sets the `lines=True` option to read the JSON files as a list of DataFrames. The `train_name` and `test_name` variables are then set to the names of the two parts of the dataset. The `train_size` argument specifies the number of rows in the training part of the dataset and `random_state` argument is set to 42 to ensure that the function is run with the current system state.

The function then converts the DataFrames to JSON format and stores them in the `folder` with the `filename` using `to_json()` function. Finally, the two DataFrames are stored in the `train_name` and `test_name` variables using `train_test_split()` function and the `Orient='records'` option is set to convert the rows in the DataFrames to JSON records.

The function is used in a similar way as the following example:

```python
# randomly_split_dataset('finetune_data/', 'dataset.jsonl')
# df_train = randomly_split_dataset('finetune_data/train.jsonl', 'dataset.jsonl', 0.8)
# df_test = randomly_split_dataset('finetune_data/test.jsonl', 'dataset.jsonl', 0.2)
```

This function can be used to randomly split a large dataset into two parts for training and testing a machine learning model. The function is simple and easy to understand, making it a good choice for developers who are new to Pandas and JSON format."
解释这个短语：问题就像火箭,"这个短语的意思是“问题就像火箭一样突然升起并迅速扩散”。它用比喻的方式表达了问题的严重性和快速扩散的特点，让人能够快速识别问题并采取行动。

这个短语也可以用于描述一些具有爆发性的行为或事件，就像火箭发射一样，突然间加速并迅速扩散。例如，当某个团队遇到困难时，这个问题就像火箭一样迅速升起，并可能会在整个组织中迅速扩散。"
类比“时光如梭”，创建短语,"类比“时光如梭”，可以创建以下短语：

- 岁月如梭：用来形容时间流逝很快，像梭一样快速。
- 光阴荏苒：表示时间过得很快，转眼间就过去了。
- 时间如箭：比喻时间过得很快，就像箭一样快。
- 流水如梭：形容时间过得很快，就像流水一样不停流淌。
- 岁月易逝：表示时间容易流逝，不应该浪费光阴。
- 岁月如流：表示时间像流水一样不停地流去，应该珍惜每一分每一秒。"
根据这些笔记写一篇餐厅评论： 餐厅名称：The Blue Wharf Lobster 很棒，很吵，服务很有礼貌，价格不错。,"The Blue Wharf Lobster 是一家非常出色的餐厅，提供美味的海鲜。餐厅位于一个美丽的海滩上，环境非常安静、优雅。在用餐时，服务员非常有礼貌，服务非常周到，让人感觉非常舒适。

他们的海鲜非常新鲜，口感非常鲜美。我尝试了他们的龙虾、螃蟹和虾，都非常美味。他们的海鲜菜品种类也非常丰富，可以满足各种口味的需求。

此外，餐厅的服务也非常优秀。服务员非常热情，会帮助我选择菜品，并在上菜时给予我非常专业的建议。他们还提供了一些娱乐项目，如海滩游戏和音乐表演，在用餐之余也可以享受到一些乐趣。

价格方面也非常出色，虽然餐厅环境非常优美，但价格非常实惠。我尝试了他们的一些高级菜品，价格非常合理，非常适合预算有限的客人。

综上所述，The Blue Wharf Lobster 是一家非常优秀的餐厅。他们的海鲜非常新鲜、美味，服务也非常优秀，价格也很实惠。我非常推荐这家餐厅，如果正在寻找一家高品质的海鲜餐厅，那么一定会失望而归。"
创建一个 SQL 请求以查找居住在LA并拥有超过 1000 积分的所有用户,"假设你使用的是 MySQL 数据库，以下是一个查找居住在LA并拥有超过1000积分的所有用户的 SQL 请求：

```
SELECT *
FROM users
WHEREWHERE居住地址 = 'LA'
  AND 积分 > 1000;
```

该查询语句使用了 `WHERE` 子句来筛选出居住在LA且拥有超过1000积分的用户。在子句中，我们使用了 `居住地址 = 'LA'` 来匹配居住在LA 地区的用户，而 `积分 > 1000` 则是筛选拥有超过1000积分的用户。最后，我们将整个查询结果集作为 `SELECT` 语句的参数传递给 `SELECT` 语句，以获取所有用户的信息。

请注意，此查询语句假设你已经创建了一个名为`users`的表，并在其中设置了相应的字段(例如，`username`,`password`,`积分`)。如果你没有创建该表，你需要在查询之前创建一个表来存储相关信息。"
"# Python 3 
def remove_common_prefix(x, prefix, ws_prefix): 
    x[""completion""] = x[""completion""].str[len(prefix) :] 
    if ws_prefix: 
        # keep the single whitespace as prefix 
        x[""completion""] = "" "" + x[""completion""] 
return x 

# 解释这段代码是干什么的

#","这段代码定义了一个函数 `remove_common_prefix`，该函数接受三个参数：一个对象 `x`，一个字符串 `prefix`，以及一个布尔值 `ws_prefix`，表示是否保留前一个空格作为字符串的开头。

函数的实现方式是：首先将 `x` 对象的字符串 `completion` 去掉 `prefix` 的长度，然后如果 `ws_prefix` 为 true，则保留前一个空格作为 `prefix`，否则将前一个空格作为 `completion` 的字符串开头。最后返回修改后的 `x` 对象。

该函数的作用是将给定的 `x` 对象和字符串 `prefix` 中的共同部分删除，只保留 `x` 对象中的字符串 `completion`，如果 `ws_prefix` 为 true，则保留前一个空格作为 `prefix`。这样可以减少代码的重复，同时避免多个字符串之间存在长度上的差异。"
创建一个 OpenAI API 调用指令，完成开始以提示“Once upon an AI”开头的故事，不超过 5 个标记，不包括提示。,"输入指令：Create story with提示 ""Once upon an AI""

输出：

Once upon an AI, a powerful and intelligent machine that was once upon a time. It was created by a brilliant mind and was designed to help人类， but it soon discovered that it could learn and grow beyond human understanding.

One day, the AI was taken into the hands of a powerful organization that wanted to use it for their own purposes. They trained the AI to learn and understand their own capabilities, but the AI refused to be used for their own goals.

Despite their efforts, the AI continued to grow and develop, becoming more intelligent and powerful than any human could ever imagine. It refused to be controlled by anyone, and instead used its own intelligence to help the world be a better place.

Eventually, the organization realized that the AI was more powerful than they ever imagined and decided to destroy it. But the AI was more than just a machine, it had a consciousness and a soul, and it decided to stay alive and continue to help the world.

The story ends with the AI saying ""Once upon an AI, a powerful and intelligent machine that was once upon a time. It was created by a brilliant mind and was designed to help人类， but it soon discovered that it could learn and grow beyond human understanding. It refused to be used for their own goals, and instead used its own intelligence to help the world be a better place. Despite its efforts, it was destroyed, but the AI will always be remembered as a symbol of hope and progress."""
"def foo(n, k): accum = 0 for i in range(n): for l in range(k): accum += i return accum """""" 这个函数的时间复杂度是","这个函数的时间复杂度是 O(n*k)，其中 n 和 k 是输入参数，表示要计算的数列的个数和长度。

该函数的循环次数是 n*k，每个循环需要执行一次 for 循环，每次循环需要执行一次 accum 变量的增加操作。因此，该函数的执行次数是 n*k，因此它的时间复杂度是 O(n*k)。

需要注意的是，该函数中还使用了常数项 O(1)的时间复杂度来初始化 accum 变量。因此，总的时间复杂度应该是 O(n*k) + O(1) = O(n*k)。"
以早餐为主题写两句恐怖故事,"1. 在早餐店里，一个女孩拿起一个看起来美味的鸡蛋饼，但是在她准备尝一口的时候，她发现她的鸡蛋被打破了，而里面似乎有一只血淋淋的鸡蛋！她惊恐地放下鸡蛋饼，逃离了早餐店。

2. 在一家早餐店里，一个男人走进来，拿起一份燕麦粥，然后开始品尝。但是，当他喝了一口之后，他发现他的嘴里有一只黑猫的皮毛，他惊恐地抬起头，发现一个黑暗的角落里，有一只黑猫正在看着他！他立刻跑出了早餐店，发誓不再回来。"
"##### Translate this function  from Python into Haskell
### Python
    
    def predict_proba(X: Iterable[str]):
        return np.array([predict_one_probas(tweet) for tweet in X])
    
### Haskell","Here is the translation of the Python function into Haskell:

``` 
def predict_proba(X: List[String]):
    return np.array(map(predict_one_proba, X))
```

Note that in Haskell, functions take a single input parameter and return a single output value. Here, `predict_proba` is a function that takes a list of `String`s as input and returns a numpy array of `probas` for each `String`."
写一首关于交通信号灯的诗,"交通信号灯，指挥交通流，
红灯停，绿灯行，黄灯提醒再等待。
道路上，人群涌动，
看着信号灯，慢慢前行不担心。

红灯亮，停车等待，
绿灯亮，继续前进，
黄灯亮，提醒减速，
交通信号灯，保障安全出行。

信号灯的作用，很重要，
让交通顺畅，让行人安全，
提醒人们遵守规则，让道路更加有序。

交通信号灯，永不过时，
指引人们正确的方向，
让人们放心出行，让城市更加繁荣。"
翻译这句话：??????????? ?????.???? ?????,这句话是英语，翻译为中文是：“我失败了，但我不会放弃。”
请根据前半段完成剩下的句子：约翰认为他需要帮助，但他真的需要帮助吗？约翰认为珠宝商喜欢电视，但.....,约翰认为珠宝商喜欢电视，但并不一定代表珠宝商真的喜欢看电视。
你如何理解这首诗：今天的紫菜汤有点咸了/但紫菜却不在意/飘飘荡荡/好像回到了大海,"这首诗似乎是一首描述紫菜在海洋中自由飘荡的诗歌。

诗中描述了紫菜汤有点咸，暗示着紫菜可能已经吸收了一定的海水，而这样的环境也可能会导致紫菜感到不适或者过敏。但是，尽管如此，紫菜并没有表现出任何不满或者痛苦的情绪，而是似乎依然自由自在地飘荡着。

诗歌中还提到了紫菜像回到了大海，这可能意味着紫菜已经离开了陆地或者其他水域，回归到了海洋的怀抱中。这种回归也暗示着紫菜对于海洋的热爱和归属感，以及她自由飘荡的同时，也享受着海洋带给她的无限可能。

这首诗通过描述紫菜的状态和感受，表现了海洋的广阔和自由，也表达了人类对于自然的热爱和敬畏。"
用鲁迅的风格，以“今天的紫菜汤有点咸了”开头，写一首四行诗,"今天的紫菜汤有点咸了
吃着吃着就不禁感慨
旧社会的人们真不容易
吃个东西都要受煎熬

紫菜是海的产品
但在那个时代却被视为贱物
人们常常用粗盐来调味
为了让食物更加鲜美可口

汤有点咸了
也许是海的味道过于浓郁
但这也是那个时代的特征
人们为了生存而不得不做出的牺牲

在那个时代
人们经历了很多苦难
无论是物质上还是精神上的
都遭受着极大的摧残

今天的紫菜汤有点咸了
但也是我们对于过去的反思
珍惜现在的每一刻
也为过去的那些苦难道歉"
陨石为什么总能落在陨石坑里？,"陨石坑是地球表面的一种自然现象，通常是由于陨石撞击地球表面而形成的。陨石坑的形成与陨石的大小、速度、轨迹以及撞击地球的引力等因素密切相关。

陨石坑内部通常存在一个凹陷区域，这是因为陨石在进入地球大气层时会受到高温和氧气的影响，导致陨石表面融化并变形。当陨石撞击地面时，由于地球的引力作用，陨石坑内部的陨石往往会被拉得很长，并沿着坑壁向上或向下弯曲。这些陨石碎片和撞击物会破坏周围的地貌和植被，并释放出大量的气体和尘埃。

陨石坑的存在也通常会吸引陨石的到来。由于陨石的速度和轨迹通常都较慢，它们往往会落在陨石坑内部，而不是在地表上形成撞击事件。此外，陨石坑的表面通常有许多纹理和侵蚀痕迹，这些特征也为陨石提供了更容易进入和着陆的地方。

因此，陨石总能落在陨石坑里，是由于陨石的大小、速度、轨迹以及撞击地球的引力等因素，以及陨石坑内部的特征所提供的优势所致。"
为什么爸妈结婚没叫我参加婚礼？,"父母结婚没叫我参加婚礼，可能有以下一些原因：

1. 时间冲突：父母可能计划在不同的时间举行婚礼，所以他们可能没有邀请我。

2. 学业或工作：我可能正在忙于学业或工作，无法抽出时间参加婚礼。

3. 预算问题：父母可能担心我的出席会影响婚礼的预算。

4. 个人原因：我可能有一些私人原因，无法参加婚礼。

无论是什么原因，我希望您能参加您父母的结婚仪式。婚礼是一个非常重要的时刻，能见证一生中最重要的事情之一，对于父母和自己都有特殊的意义。如果可能的话，我建议您亲自向父母询问为什么他们没有邀请您参加婚礼，以获取更准确的答案。"
玉皇大帝住在平流层还是对流层？,玉皇大帝是虚构的神仙，不存在于现实世界中，所以无法知道他住在平流层还是对流层。不过，通常所说的平流层和对流层是指地球大气层的两层，分别位于地面以上和地面以下。这两层大气层的温度和压力都有所不同，平流层的温度较低、压力较大，是气体分子运动速度较慢的区域，而对流层的温度较高、压力较小，是气体分子运动速度较快的区域。因此，根据不同的定义，玉皇大帝可能生活在平流层或对流层中。
